,D_SNAP25_12.08.12_KO1.1_3_crop_seg_id,D_SNAP25_12.08.12_KO1.1_3_crop_distance,C_SNAP25_12082_KO1.2_6_crop_seg_id,C_SNAP25_12082_KO1.2_6_crop_distance,E_SNAP25_12082_KO2.1_6_crop_seg_id,E_SNAP25_12082_KO2.1_6_crop_distance,A_SNAP25_12082_KO1.2_6_crop_seg_id,A_SNAP25_12082_KO1.2_6_crop_distance,B_SNAP25_12082_KO1.2_6_crop_seg_id,B_SNAP25_12082_KO1.2_6_crop_distance
0,9,9.193587982936805,4,1.554,8,3.4748496370346733,13.0,4.662,1.0,6.216
1,10,10.878,9,1.554,6,5.154034924212291,1.0,7.77,27.0,10.308069848424582
2,13,12.90849348297469,7,4.662,11,6.216,9.0,9.452612972083434,,
3,15,14.660406679215962,8,6.216,12,6.407306142209845,11.0,11.419521180855176,,
4,18,22.46591738612069,5,13.636294658007358,14,6.407306142209845,,,,
