,A_M13DKO_080212_DKO1.2_crop,G_M13DKO_060212_DKO1.1_crop,C_M13DKO_080212_DKO1.2_crop,E_M13DKO_080212_DKO1.2_crop,H_M13DKO_080212_DKO1.2_crop
0,8.511608543630283,,8.368546110287019,14.660406679215964,6.216
1,9.061299244589597,,9.828358967803323,14.660406679215964,7.121322629961376
2,10.19025946676531,,17.65004713874725,20.14214209065163,8.368546110287019
3,13.186127255566738,,22.57315387800296,24.57089741950831,11.419521180855176
4,15.38381513149453,,30.885139144902684,27.13944325147441,
5,15.847752648246376,,,31.46610176046597,
6,27.842198835580497,,,35.742000000000004,
7,31.31223237011376,,,,
